14CLqCNphUJ54ro2PtqQWJDmW3Eic1WmUd	JinTu	https://bitcointalk.org/index.php?action=profile;u=29908	
1LdCb7UmFBomBjgnAsL5GGVjPx2zmgeH5j	jhansen858	https://bitcointalk.org/index.php?action=profile;u=15738	
1946NEo8LmCfCMjqWwCZUbdptrKZjstLD9	jhfire	https://bitcointalk.org/index.php?action=profile;u=10078	
1MufD4JJZStpry94QiSnNaxP1qm8iESdwC	jimmyw	https://bitcointalk.org/index.php?action=profile;u=16157	
18RtMr82Nrt7TAvWTan9Lr1XLngQ5dQTsm	jimon	https://bitcointalk.org/index.php?action=profile;u=28485	
1H6wM8Xj8GNrhqWBrnDugd8Vf3nAfZgMnq	Jim Hyslop	https://bitcointalk.org/index.php?action=profile;u=5708	
1MBDpvDZWfWKwcehZAKtbwT3uFPBcRYMcG	jigj119	https://bitcointalk.org/index.php?action=profile;u=16863	
16R5FAhBg5DXxayye8nkQsPGecaYJc74cH	JesseChisholm	https://bitcointalk.org/index.php?action=profile;u=60460	
19DtQVEryym7Jbi2eXfTpZenJpxttsgsM3	JeTJL	https://bitcointalk.org/index.php?action=profile;u=70243	
1BFLDATk4iE6R2hYTfqNjxBZYctU9eshCM	jh1523	https://bitcointalk.org/index.php?action=profile;u=35998	
1KApysSLevseC2EYDZiwbL1tXoGe2zyNEA	jessica23	https://bitcointalk.org/index.php?action=profile;u=63825	
1AgDYTxr9FDGa7oXbVhuHxmJJALKqs8cip	Jessi	https://bitcointalk.org/index.php?action=profile;u=18487	
1BrufViLKnSWtuWGkryPsKsxonV2NQ7Tcj	jgarzik	https://bitcointalk.org/index.php?action=profile;u=541	
1K9ud3Bf6V4SH8nwQ1WXBFj85XyyATpD3s	Jessica	https://bitcointalk.org/index.php?action=profile;u=27971	
1NrPN24makqVwvuDuhcUY2cCZQUYrjv9bB	jerryb	https://bitcointalk.org/index.php?action=profile;u=9263	
13gWbKbeeG75MhasvG9auEZYXUWzruhRsC	jenn	https://bitcointalk.org/index.php?action=profile;u=72519	
16ccTEPgka5zkrfBNzN2CJviAARoFcER9a	Jere.Jones	https://bitcointalk.org/index.php?action=profile;u=11415	
1MHMLCSdxzyaBEYQsQYYNPYkaBjeV1aSNZ	JeromeS	https://bitcointalk.org/index.php?action=profile;u=58751	
1DMXuMp2f6HeC2fLCDY6vYPGhxVuW6Tuap	Jermaine Deslandes	https://bitcointalk.org/index.php?action=profile;u=64509	
1GTLXA2C2ksFbyabsgaAiYMFgzv2DfNSkS	jesmurf	https://bitcointalk.org/index.php?action=profile;u=2915	
1PHoenix9j9J3M6v3VQYWeXrHPPjf7y3rU	jedi95	https://bitcointalk.org/index.php?action=profile;u=7785	
1LkJBaMURdB6bWA6DRFeDoYyYJzsXLhtG8	JDBound	https://bitcointalk.org/index.php?action=profile;u=39719	
1BHcgbU5CRjRbSxKdQwDXFrLRiaaGREK53	jbrocko	https://bitcointalk.org/index.php?action=profile;u=43153	
1NDhErjzJEH4zHLVsw1G81DFF6vSg8b8u4	jefferson53	https://bitcointalk.org/index.php?action=profile;u=22955	
1PS7emSBzZcaPk329nVrDW6V4VY3Vv8kYb	Jebe	https://bitcointalk.org/index.php?action=profile;u=70305	
17BEUvyVVFAoqqNArXW9ZSqEapu5ayiqFv	Jeffrey Boyd Garrison	https://bitcointalk.org/index.php?action=profile;u=49265	
1Juv5x7PHcNQdRzdUpWK1DHMKwMy7j7zxj	Jdumond	https://bitcointalk.org/index.php?action=profile;u=14745	
1NiwuDvA3saEssRN4roN1eqsytdf13b11J	Jblox	https://bitcointalk.org/index.php?action=profile;u=18510	
LdssqJVUPMJ7tN4Fg9eLJYuCTRRGTbq2Av	Jazb	https://bitcointalk.org/index.php?action=profile;u=59566	
14kPcPp8mybMJ9gZKYPnP6Z337kp7Kvtik	jbgc	https://bitcointalk.org/index.php?action=profile;u=24189	
1zGBFS6WoXv8b3vc6dWdJy4ikDQXVR3Mx	jbcmine	https://bitcointalk.org/index.php?action=profile;u=56895	
1CrdLjF28NsMfgCfZ7qtkhhUrYNgCpEwT1	Jazb	https://bitcointalk.org/index.php?action=profile;u=59566	
N8QRskzCnH5kYmcWQscLMjqgUoZPTMn4ce	Jazb	https://bitcointalk.org/index.php?action=profile;u=59566	
15svziTchg14w3862bsTQeDSDutfCJaEx5	jbmiller10	https://bitcointalk.org/index.php?action=profile;u=14073	
1CxxZzqcy7YEVXfCn5KvgRxjeWvPpniK3	jasinlee	https://bitcointalk.org/index.php?action=profile;u=63366	
1JASiNZxmAN1WBS4dmGEDoPpzN3GV7dnjX	jasinlee	https://bitcointalk.org/index.php?action=profile;u=63366	
1HrTEoRXbNG3GeCodpUZazTWCsjytijmkH	jashan	https://bitcointalk.org/index.php?action=profile;u=16606	
1HSj4CoNarcJ2B8Mi2EY6AtDWkUemYTWkQ	jasonk	https://bitcointalk.org/index.php?action=profile;u=11460	
1G8zjUzeZBfJpeCbz1MLTc6zQHbLm78vKc	Jay_Pal	https://bitcointalk.org/index.php?action=profile;u=42267	
14bFbRFJQXZTPGFkfhcXNEnrUw5hMqW7qy	jaronm	https://bitcointalk.org/index.php?action=profile;u=31050	
1C3NNQ6Y7Qa7Q3mBSUqMT3v7tnADwh5aio	Jambo	https://bitcointalk.org/index.php?action=profile;u=51633	
1DhFR2vR6w17BVzowKuySjzWXmP9ap29jA	jarly	https://bitcointalk.org/index.php?action=profile;u=11064	
14B3GFdtBZqxgNp3VnXioUYd27kGKoKwFS	jarekb	https://bitcointalk.org/index.php?action=profile;u=17336	
1MAVk5dcd3v9m8hhySuoqg3vFpmwFkAozF	Jameson	https://bitcointalk.org/index.php?action=profile;u=3532	
19V4iTPAYUPT7Lxk53Fep8TbxDjKZVBZK9	jaredk	https://bitcointalk.org/index.php?action=profile;u=32316	
143SikKpjzwhBy5Z7Qg5knu5nKXWExSqQi	Jan	https://bitcointalk.org/index.php?action=profile;u=29177	
12ZyGLt2ps2Agpy6NupjBnSz6UXbTyhqBZ	jak0b	https://bitcointalk.org/index.php?action=profile;u=13198	
1PxBSHEZ3EbyZ4w3bJcVcwHRdjeyALZDuu	jake262144	https://bitcointalk.org/index.php?action=profile;u=45237	
1KseGadiZnuFoHoYkQJpFSwoVHWCs54e3	jalidi	https://bitcointalk.org/index.php?action=profile;u=22233	
1JadeSJWfvCuMA5EeTLK61qckmNhn1RXgJ	Jade-	https://bitcointalk.org/index.php?action=profile;u=55554	
1JALLENn5SAy4F6kgFUnCjP3DNE8NPS1B6	jallen	https://bitcointalk.org/index.php?action=profile;u=3275	
1BgKdr9cZc2yFpXcQLnRh6UrL381KpYQuv	jakers1976	https://bitcointalk.org/index.php?action=profile;u=31849	
1EPY398Xk6cgqP1qPy8pqWyRrqnqGLYtxD	jabberwok	https://bitcointalk.org/index.php?action=profile;u=71564	
19QkqAza7BHFTuoz9N8UQkryP4E9jHo4N3	jackjack	https://bitcointalk.org/index.php?action=profile;u=21053	
1jackkHHCLtxryJFAnPhrbvfcomtvXSzg	jackmaninov	https://bitcointalk.org/index.php?action=profile;u=8280	
17tqSDHshYLthDvYv4ZMYXA5i9XSNf3CT3	jacoder	https://bitcointalk.org/index.php?action=profile;u=24517	
LcrA17z3yR8xJuzNj3zvAiAjRgkXUatbjG	jabberwok	https://bitcointalk.org/index.php?action=profile;u=71564	
1CXwyYjrc9Vock55ND9MvZA4Ms8G7vGicY	jacroe	https://bitcointalk.org/index.php?action=profile;u=4579	
PUous8L6Jjf4gikMPt6CoHUr2vMB6Vkkbh	jabberwok	https://bitcointalk.org/index.php?action=profile;u=71564	
16jVo7Vj7QdZ4ApMxK9ohVqJTMQAKyurXb	iziHost.tk	https://bitcointalk.org/index.php?action=profile;u=2637	
1FzcqruNwbXgkDkhVxmQa4ujVRmqDrP8vj	ixne	https://bitcointalk.org/index.php?action=profile;u=18107	
1MZVFA1VZmYTPXxvXi58E1qKTyvasKsMA4	Ixipixi	https://bitcointalk.org/index.php?action=profile;u=18853	
1BSGbFq4G8r3uckpdeQMhP55ScCJwbvNnG	JA37	https://bitcointalk.org/index.php?action=profile;u=4298	
1aombYbEyggW4uKuX2VgYBjPMu8yxcYCX	Iyeman	https://bitcointalk.org/index.php?action=profile;u=28988	
1FkN3XYsvuNdd2td5cgXxnmZkH2cxWkzN7	J.	https://bitcointalk.org/index.php?action=profile;u=20314	
1DbQYvpXSVB7GXesCsxNVy1pv3hpevqWYv	itsybitsy	https://bitcointalk.org/index.php?action=profile;u=4529	
1CmUQsc87rByViq3KavUt8M77AdKn7ivtD	itsmine	https://bitcointalk.org/index.php?action=profile;u=28749	
19e3fcoLTu8YVFAU1NywJ88YnHH5kF8ScP	Ivica	https://bitcointalk.org/index.php?action=profile;u=63640	
1Lhifrdmq563mZxY5gqYPEN5AdkN7Townd	Ivanish	https://bitcointalk.org/index.php?action=profile;u=15500	
16Zo6werKP4akoTfHc9P5XXBGS2jFqeuSt	ItsASpork	https://bitcointalk.org/index.php?action=profile;u=13904	
18Acv2Wn9jeUSFxmCp8ub9LTRo5NpBuH7S	ivkowalenko	https://bitcointalk.org/index.php?action=profile;u=13036	
19kdfgW1KXQgV7SCLEPAojtHxN9xotGkGH	ius	https://bitcointalk.org/index.php?action=profile;u=15694	
15ymT4EF8joqzhYPnGCkXxQEssUNZp5n3r	ItFromBit	https://bitcointalk.org/index.php?action=profile;u=4836	
1MBuoxxLx7MAG9nNrjnxq1KsUdHx5ivVsi	irongomme	https://bitcointalk.org/index.php?action=profile;u=29251	
1HCrATLoKHqrdZG358Ro5d9gjg3EG2RfsB	irb	https://bitcointalk.org/index.php?action=profile;u=23691	
12hFuVrSpLaPeTxwGUoPXoTDuhFnDhxRu3	Isosceles	https://bitcointalk.org/index.php?action=profile;u=15882	
1CJrKEkxo9QzJ3QNL8jjuDPFdTWAJ5uy8d	ISA	https://bitcointalk.org/index.php?action=profile;u=10954	
1LMDCSAwjhT2Vp1sSf62dybEYW3MYpsoZj	isis	https://bitcointalk.org/index.php?action=profile;u=57959	
176MhvokPojmq3kZjR9b2V47WuhRzAekNA	IntrepidMiner	https://bitcointalk.org/index.php?action=profile;u=41300	
1tixr213QWCAvQVeV7htit2ozXaqUszsK	InvestItWisely	https://bitcointalk.org/index.php?action=profile;u=5319	
N5Tnt3JyMeizsoAFAZDr7CSxjzDtPSisK8	iongchun	https://bitcointalk.org/index.php?action=profile;u=34942	
1NFMpJUW7sTKmnVKj12MxhPvCvzAKQ5gUV	iongchun	https://bitcointalk.org/index.php?action=profile;u=34942	
12aro27eH2SbM1N1XT4kgfsx89VkDf2rYK	InterArmaEnimSil	https://bitcointalk.org/index.php?action=profile;u=375	
1BvGKJGoHwv15Wb5a9wPAgGmnwyKcEr46Y	ionbasa	https://bitcointalk.org/index.php?action=profile;u=52264	
15qA3C2EyDqWnLXMGZhdgzuEyYw5nMTEtq	Inous	https://bitcointalk.org/index.php?action=profile;u=15163	
1AaDgmhULgSwoTD4fvQ5zygxm3WBcfERTY	InsanityIsGreat	https://bitcointalk.org/index.php?action=profile;u=25812	
1MWoRs6wKyJLLYm7gjrWeTcipCrCTneCRE	intel-core-i7	https://bitcointalk.org/index.php?action=profile;u=65212	
1JcT7n1kyFMfiV7r2giTMcy6AW5iGk8x71	infonetenergy	https://bitcointalk.org/index.php?action=profile;u=70511	
1C2tXJZzYAfSjr4gF99CtLw2LViuq5PFN	Innomen	https://bitcointalk.org/index.php?action=profile;u=2991	
12trweuoBK1AwQKsvY7jbg3ZmN1KhNPuRr	InsideTheVoid	https://bitcointalk.org/index.php?action=profile;u=11704	
1JyvN27Mk71kEQ2W1NGFUJm3bi4gSE7YT8	Ineedezcoins	https://bitcointalk.org/index.php?action=profile;u=66156	
1MZ9VikkRfziY8zGSDwDPBZJzmGiYXckey	infogulch	https://bitcointalk.org/index.php?action=profile;u=35352	
12eLEc4D7tf62S8ekFVWMHMrm8g3jpJ4Ba	indicasteve	https://bitcointalk.org/index.php?action=profile;u=25979	
1JTyjJKK9t4XTGmB8yh6P5Ctm5FPKcA7wd	inbox	https://bitcointalk.org/index.php?action=profile;u=64105	
1LoHaJgF4hAKMLgyz7zqjeJQ1NR8SrKRGC	ineverael	https://bitcointalk.org/index.php?action=profile;u=12620	
1JLdcEYVgJwn8VCZ8VSyBJgy6hMmVLnK4p	infested999	https://bitcointalk.org/index.php?action=profile;u=30948	
1Po6mJTydXCoYUUrVC86war3RXnR3u8Dd1	infolm	https://bitcointalk.org/index.php?action=profile;u=17748	
15ucPt61t2uhiH5G3THkreYainZ47UHst8	ilovebitcoin	https://bitcointalk.org/index.php?action=profile;u=891	
1CkFCGSsFSS1VJXNeyHoNoXrYWu2yiFeM	imnichol	https://bitcointalk.org/index.php?action=profile;u=483